{"RuleTriggered": 0, "Violations": 146, "Details": {"low_gpu_utilization": 394, "bottlenecks": {"1642698419.584429": {"GPUs": 1, "CPUs": 1}, "1642698420.578918": {"GPUs": 1, "CPUs": 1}, "1642698421.579881": {"GPUs": 1, "CPUs": 2}, "1642698422.577808": {"GPUs": 1, "CPUs": 2}, "1642698425.078308": {"GPUs": 1, "CPUs": 1}, "1642698426.077817": {"GPUs": 1, "CPUs": 1}, "1642698426.577791": {"GPUs": 1, "CPUs": 3}, "1642698427.079144": {"GPUs": 1, "CPUs": 3}, "1642698427.577822": {"GPUs": 1, "CPUs": 4}, "1642698428.077751": {"GPUs": 1, "CPUs": 2}, "1642698428.57864": {"GPUs": 1, "CPUs": 4}, "1642698429.07913": {"GPUs": 1, "CPUs": 4}, "1642698429.57785": {"GPUs": 1, "CPUs": 1}, "1642698430.07782": {"GPUs": 1, "CPUs": 1}, "1642698430.577797": {"GPUs": 1, "CPUs": 1}, "1642698431.077807": {"GPUs": 1, "CPUs": 1}, "1642698431.577807": {"GPUs": 1, "CPUs": 2}, "1642698432.079571": {"GPUs": 1, "CPUs": 2}, "1642698432.577911": {"GPUs": 1, "CPUs": 2}, "1642698433.077804": {"GPUs": 1, "CPUs": 2}, "1642698433.578565": {"GPUs": 1, "CPUs": 3}, "1642698434.077817": {"GPUs": 1, "CPUs": 1}, "1642698434.57781": {"GPUs": 1, "CPUs": 2}, "1642698436.077797": {"GPUs": 1, "CPUs": 2}, "1642698436.577801": {"GPUs": 1, "CPUs": 2}, "1642698437.077792": {"GPUs": 1, "CPUs": 3}, "1642698445.578113": {"GPUs": 1, "CPUs": 3}, "1642698446.078532": {"GPUs": 1, "CPUs": 4}, "1642698446.577813": {"GPUs": 1, "CPUs": 3}, "1642698449.578558": {"GPUs": 1, "CPUs": 1}, "1642698450.07781": {"GPUs": 1, "CPUs": 1}, "1642698451.077812": {"GPUs": 1, "CPUs": 1}, "1642698452.077885": {"GPUs": 1, "CPUs": 1}, "1642698452.577917": {"GPUs": 1, "CPUs": 2}, "1642698453.077814": {"GPUs": 1, "CPUs": 2}, "1642698453.577788": {"GPUs": 1, "CPUs": 2}, "1642698454.577867": {"GPUs": 1, "CPUs": 3}, "1642698455.077814": {"GPUs": 1, "CPUs": 3}, "1642698455.577787": {"GPUs": 1, "CPUs": 3}, "1642698456.077802": {"GPUs": 1, "CPUs": 3}, "1642698456.577824": {"GPUs": 1, "CPUs": 3}, "1642698457.077794": {"GPUs": 1, "CPUs": 3}, "1642698457.577796": {"GPUs": 1, "CPUs": 3}, "1642698458.078501": {"GPUs": 1, "CPUs": 3}, "1642698458.577801": {"GPUs": 1, "CPUs": 3}, "1642698459.07782": {"GPUs": 1, "CPUs": 1}, "1642698459.577805": {"GPUs": 1, "CPUs": 1}, "1642698463.578582": {"GPUs": 1, "CPUs": 1}, "1642698464.077798": {"GPUs": 1, "CPUs": 2}, "1642698465.577838": {"GPUs": 1, "CPUs": 1}, "1642698466.077798": {"GPUs": 1, "CPUs": 1}, "1642698467.077796": {"GPUs": 1, "CPUs": 1}, "1642698468.077806": {"GPUs": 1, "CPUs": 1}, "1642698469.077818": {"GPUs": 1, "CPUs": 1}, "1642698469.577849": {"GPUs": 1, "CPUs": 1}, "1642698470.077784": {"GPUs": 1, "CPUs": 2}, "1642698471.078508": {"GPUs": 1, "CPUs": 2}, "1642698471.577804": {"GPUs": 1, "CPUs": 1}, "1642698472.077785": {"GPUs": 1, "CPUs": 1}, "1642698472.57779": {"GPUs": 1, "CPUs": 1}, "1642698473.07781": {"GPUs": 1, "CPUs": 1}, "1642698474.07858": {"GPUs": 1, "CPUs": 1}, "1642698481.578232": {"GPUs": 1, "CPUs": 1}, "1642698482.083839": {"GPUs": 1, "CPUs": 2}, "1642698483.077827": {"GPUs": 1, "CPUs": 2}, "1642698483.57921": {"GPUs": 1, "CPUs": 1}, "1642698484.078558": {"GPUs": 1, "CPUs": 1}, "1642698484.577806": {"GPUs": 1, "CPUs": 1}, "1642698485.077794": {"GPUs": 1, "CPUs": 2}, "1642698485.577795": {"GPUs": 1, "CPUs": 1}, "1642698486.077802": {"GPUs": 1, "CPUs": 2}, "1642698486.577799": {"GPUs": 1, "CPUs": 3}, "1642698487.0778": {"GPUs": 1, "CPUs": 2}, "1642698487.577819": {"GPUs": 1, "CPUs": 2}, "1642698488.078555": {"GPUs": 1, "CPUs": 2}, "1642698488.577801": {"GPUs": 1, "CPUs": 2}, "1642698489.077821": {"GPUs": 1, "CPUs": 1}, "1642698490.078446": {"GPUs": 1, "CPUs": 2}, "1642698503.57779": {"GPUs": 1, "CPUs": 1}, "1642698504.577806": {"GPUs": 1, "CPUs": 1}, "1642698505.077814": {"GPUs": 1, "CPUs": 1}, "1642698505.577802": {"GPUs": 1, "CPUs": 2}, "1642698506.577793": {"GPUs": 1, "CPUs": 1}, "1642698507.077841": {"GPUs": 1, "CPUs": 1}, "1642698507.577796": {"GPUs": 1, "CPUs": 1}, "1642698508.077788": {"GPUs": 1, "CPUs": 1}, "1642698508.577813": {"GPUs": 1, "CPUs": 1}, "1642698510.077784": {"GPUs": 1, "CPUs": 1}, "1642698510.577795": {"GPUs": 1, "CPUs": 1}, "1642698511.077824": {"GPUs": 1, "CPUs": 1}, "1642698511.577787": {"GPUs": 1, "CPUs": 2}, "1642698512.077825": {"GPUs": 1, "CPUs": 1}, "1642698512.577793": {"GPUs": 1, "CPUs": 1}, "1642698519.077795": {"GPUs": 1, "CPUs": 1}, "1642698519.577786": {"GPUs": 1, "CPUs": 2}, "1642698520.077797": {"GPUs": 1, "CPUs": 2}, "1642698520.577785": {"GPUs": 1, "CPUs": 3}, "1642698521.077791": {"GPUs": 1, "CPUs": 2}, "1642698521.57779": {"GPUs": 1, "CPUs": 2}, "1642698525.077801": {"GPUs": 1, "CPUs": 1}, "1642698525.577789": {"GPUs": 1, "CPUs": 3}, "1642698526.077787": {"GPUs": 1, "CPUs": 3}, "1642698526.577792": {"GPUs": 1, "CPUs": 2}, "1642698527.077787": {"GPUs": 1, "CPUs": 1}, "1642698536.57783": {"GPUs": 1, "CPUs": 1}, "1642698541.077792": {"GPUs": 1, "CPUs": 1}, "1642698541.577806": {"GPUs": 1, "CPUs": 2}, "1642698542.07779": {"GPUs": 1, "CPUs": 3}, "1642698542.577795": {"GPUs": 1, "CPUs": 3}, "1642698543.577791": {"GPUs": 1, "CPUs": 1}, "1642698544.077798": {"GPUs": 1, "CPUs": 1}, "1642698544.5778": {"GPUs": 1, "CPUs": 1}, "1642698545.077793": {"GPUs": 1, "CPUs": 1}, "1642698545.577787": {"GPUs": 1, "CPUs": 1}, "1642698546.077782": {"GPUs": 1, "CPUs": 1}, "1642698546.577815": {"GPUs": 1, "CPUs": 1}, "1642698547.077776": {"GPUs": 1, "CPUs": 1}, "1642698547.577806": {"GPUs": 1, "CPUs": 2}, "1642698548.07782": {"GPUs": 1, "CPUs": 2}, "1642698548.577789": {"GPUs": 1, "CPUs": 1}, "1642698549.077787": {"GPUs": 1, "CPUs": 1}, "1642698554.577813": {"GPUs": 1, "CPUs": 1}, "1642698555.077783": {"GPUs": 1, "CPUs": 1}, "1642698568.077831": {"GPUs": 1, "CPUs": 1}, "1642698568.577789": {"GPUs": 1, "CPUs": 1}, "1642698569.077848": {"GPUs": 1, "CPUs": 1}, "1642698569.577811": {"GPUs": 1, "CPUs": 1}, "1642698573.577808": {"GPUs": 1, "CPUs": 1}, "1642698575.077799": {"GPUs": 1, "CPUs": 1}, "1642698582.077796": {"GPUs": 1, "CPUs": 1}, "1642698592.077803": {"GPUs": 1, "CPUs": 1}, "1642698600.577817": {"GPUs": 1, "CPUs": 1}, "1642698607.077819": {"GPUs": 1, "CPUs": 1}, "1642698615.577816": {"GPUs": 1, "CPUs": 1}, "1642698616.077803": {"GPUs": 1, "CPUs": 1}, "1642698620.077809": {"GPUs": 1, "CPUs": 1}, "1642698625.578418": {"GPUs": 1, "CPUs": 1}, "1642698626.577794": {"GPUs": 1, "CPUs": 1}, "1642698627.077843": {"GPUs": 1, "CPUs": 1}, "1642698630.577801": {"GPUs": 1, "CPUs": 1}, "1642698637.077811": {"GPUs": 1, "CPUs": 1}, "1642698638.078407": {"GPUs": 1, "CPUs": 1}, "1642698640.077816": {"GPUs": 1, "CPUs": 1}, "1642698643.078362": {"GPUs": 1, "CPUs": 1}, "1642698654.077803": {"GPUs": 1, "CPUs": 1}, "1642698659.078818": {"GPUs": 1, "CPUs": 1}}}, "Datapoints": 496, "RuleParameters": "threshold:50\ncpu_threshold:90\ngpu_threshold:10\npatience:1000"}