{"RuleTriggered": 0, "Violations": 80, "Details": {"low_gpu_utilization": 394, "bottlenecks": {"1642698436.077797": {"GPUs": 1, "CPUs": 3}, "1642698436.577801": {"GPUs": 1, "CPUs": 2}, "1642698437.077792": {"GPUs": 1, "CPUs": 3}, "1642698439.577796": {"GPUs": 1, "CPUs": 1}, "1642698446.577813": {"GPUs": 1, "CPUs": 4}, "1642698454.577867": {"GPUs": 1, "CPUs": 3}, "1642698455.077814": {"GPUs": 1, "CPUs": 3}, "1642698455.577787": {"GPUs": 1, "CPUs": 3}, "1642698456.077802": {"GPUs": 1, "CPUs": 3}, "1642698456.577824": {"GPUs": 1, "CPUs": 3}, "1642698457.077794": {"GPUs": 1, "CPUs": 3}, "1642698457.577796": {"GPUs": 1, "CPUs": 3}, "1642698458.078501": {"GPUs": 1, "CPUs": 2}, "1642698458.577801": {"GPUs": 1, "CPUs": 2}, "1642698462.577806": {"GPUs": 1, "CPUs": 1}, "1642698470.077784": {"GPUs": 1, "CPUs": 1}, "1642698470.577801": {"GPUs": 1, "CPUs": 2}, "1642698471.078508": {"GPUs": 1, "CPUs": 2}, "1642698471.577804": {"GPUs": 1, "CPUs": 1}, "1642698472.077785": {"GPUs": 1, "CPUs": 1}, "1642698472.57779": {"GPUs": 1, "CPUs": 2}, "1642698473.07781": {"GPUs": 1, "CPUs": 2}, "1642698483.077827": {"GPUs": 1, "CPUs": 1}, "1642698484.078558": {"GPUs": 1, "CPUs": 1}, "1642698484.577806": {"GPUs": 1, "CPUs": 1}, "1642698485.077794": {"GPUs": 1, "CPUs": 2}, "1642698485.577795": {"GPUs": 1, "CPUs": 2}, "1642698486.077802": {"GPUs": 1, "CPUs": 2}, "1642698486.577799": {"GPUs": 1, "CPUs": 3}, "1642698487.0778": {"GPUs": 1, "CPUs": 1}, "1642698487.577819": {"GPUs": 1, "CPUs": 2}, "1642698488.078555": {"GPUs": 1, "CPUs": 2}, "1642698488.577801": {"GPUs": 1, "CPUs": 2}, "1642698489.077821": {"GPUs": 1, "CPUs": 2}, "1642698505.577802": {"GPUs": 1, "CPUs": 1}, "1642698506.07852": {"GPUs": 1, "CPUs": 1}, "1642698506.577793": {"GPUs": 1, "CPUs": 1}, "1642698507.077841": {"GPUs": 1, "CPUs": 1}, "1642698507.577796": {"GPUs": 1, "CPUs": 1}, "1642698508.077788": {"GPUs": 1, "CPUs": 1}, "1642698508.577813": {"GPUs": 1, "CPUs": 2}, "1642698509.077802": {"GPUs": 1, "CPUs": 2}, "1642698509.577808": {"GPUs": 1, "CPUs": 1}, "1642698510.077784": {"GPUs": 1, "CPUs": 2}, "1642698510.577795": {"GPUs": 1, "CPUs": 2}, "1642698511.077824": {"GPUs": 1, "CPUs": 1}, "1642698511.577787": {"GPUs": 1, "CPUs": 2}, "1642698512.077825": {"GPUs": 1, "CPUs": 2}, "1642698512.577793": {"GPUs": 1, "CPUs": 1}, "1642698519.077795": {"GPUs": 1, "CPUs": 2}, "1642698519.577786": {"GPUs": 1, "CPUs": 2}, "1642698520.077797": {"GPUs": 1, "CPUs": 3}, "1642698520.577785": {"GPUs": 1, "CPUs": 3}, "1642698521.077791": {"GPUs": 1, "CPUs": 3}, "1642698521.57779": {"GPUs": 1, "CPUs": 2}, "1642698522.077793": {"GPUs": 1, "CPUs": 2}, "1642698525.077801": {"GPUs": 1, "CPUs": 1}, "1642698525.577789": {"GPUs": 1, "CPUs": 2}, "1642698526.077787": {"GPUs": 1, "CPUs": 2}, "1642698526.577792": {"GPUs": 1, "CPUs": 4}, "1642698527.077787": {"GPUs": 1, "CPUs": 2}, "1642698541.077792": {"GPUs": 1, "CPUs": 2}, "1642698541.577806": {"GPUs": 1, "CPUs": 2}, "1642698542.07779": {"GPUs": 1, "CPUs": 3}, "1642698542.577795": {"GPUs": 1, "CPUs": 3}, "1642698543.078534": {"GPUs": 1, "CPUs": 3}, "1642698543.577791": {"GPUs": 1, "CPUs": 3}, "1642698544.077798": {"GPUs": 1, "CPUs": 2}, "1642698544.5778": {"GPUs": 1, "CPUs": 2}, "1642698545.077793": {"GPUs": 1, "CPUs": 1}, "1642698545.577787": {"GPUs": 1, "CPUs": 3}, "1642698546.077782": {"GPUs": 1, "CPUs": 2}, "1642698546.577815": {"GPUs": 1, "CPUs": 2}, "1642698547.077776": {"GPUs": 1, "CPUs": 1}, "1642698547.577806": {"GPUs": 1, "CPUs": 2}, "1642698548.07782": {"GPUs": 1, "CPUs": 3}, "1642698548.577789": {"GPUs": 1, "CPUs": 2}, "1642698549.077787": {"GPUs": 1, "CPUs": 3}, "1642698554.577813": {"GPUs": 1, "CPUs": 1}, "1642698555.077783": {"GPUs": 1, "CPUs": 1}}}, "Datapoints": 496, "RuleParameters": "threshold:50\nio_threshold:50\ngpu_threshold:10\npatience:1000"}