{"RuleTriggered": 0, "Violations": 0, "Details": {"step_num": {"first": 1642698572509281, "last": 1642698659878749}, "job_start": 1642698418.077788, "job_end": 1642698659.578097}, "Datapoints": 196, "RuleParameters": "threshold:20"}