{"RuleTriggered": 0, "Violations": 0, "Details": {"ratio": {"gpu_functions-dev:0": 52.31861265408031, "cpu_functions": 47.68138734591968}, "phase": {"Step:ModeKeys.TRAIN": 41.53593975334615, "others": 58.46406024665385}, "phase_time": {}, "CPU": {"conv2d": 22.57393093672685, "convolution": 22.53656067786448, "_convolution": 22.514706617098717, "cudnn_convolution": 22.300921719531534, "to": 2.36474445922765, "copy_": 2.699781459392342, "addmm": 5.009354130158418}, "CPU_total": {"conv2d": 2439804, "convolution": 2435765, "_convolution": 2433403, "cudnn_convolution": 2410297, "to": 255583, "copy_": 291794, "addmm": 541414}, "GPU": {"conv2d": 22.737454429723698, "convolution": 22.71914428909349, "_convolution": 22.70890965152674, "cudnn_convolution": 22.609164437898656, "to": 2.1641243141241486, "copy_": 2.476051245612345, "addmm": 4.585151632020916}, "GPU_total": {"conv2d": 2674828, "convolution": 2672674, "_convolution": 2671470, "cudnn_convolution": 2659736, "to": 254587, "copy_": 291282, "addmm": 539396}, "general": {"Forward": 100.0}}, "Datapoints": 0, "RuleParameters": ""}