{"RuleTriggered": 0, "Violations": 0, "Details": {"step_details": {"algo-1-26": {"step_stats": {"mean": 0.11778078571428574, "max": 4.019992, "p99": 1.9452279000000012, "p95": 0.984396, "p50": 0.016665, "min": 0.013947}, "number_of_outliers": 10, "phase": "Step:ModeKeys.TRAIN", "stddev": 0.45, "probs": [182, 3, 0, 0, 0, 0, 0, 0, 0, 0, 0, 0, 0, 0, 0, 0, 0, 0, 0, 0, 0, 0, 0, 0, 0, 0, 0, 0, 0, 0, 0, 0, 0, 0, 0, 0, 0, 0, 0, 0, 0, 0, 0, 0, 0, 0, 0, 0, 0, 0, 0, 0, 0, 0, 0, 0, 0, 0, 0, 0, 0, 0, 0, 0, 0, 0, 0, 0, 0, 0, 0, 0, 0, 0, 0, 0, 0, 0, 0, 0, 0, 0, 0, 0, 0, 0, 0, 0, 0, 0, 0, 0, 0, 0, 0, 0, 0, 0, 0, 1], "binedges": [0.013947, 0.02169825, 0.029449499999999997, 0.03720075, 0.044952, 0.05270325, 0.060454499999999994, 0.06820575, 0.075957, 0.08370825, 0.0914595, 0.09921075, 0.10696199999999999, 0.11471324999999999, 0.12246449999999999, 0.13021575, 0.13796699999999998, 0.14571824999999997, 0.15346949999999998, 0.16122074999999997, 0.16897199999999998, 0.17672324999999997, 0.18447449999999999, 0.19222574999999997, 0.19997699999999996, 0.20772824999999998, 0.21547949999999996, 0.22323074999999998, 0.23098199999999997, 0.23873324999999998, 0.24648449999999997, 0.25423575, 0.26198699999999997, 0.26973824999999996, 0.27748949999999994, 0.28524075, 0.292992, 0.30074324999999996, 0.30849449999999995, 0.31624575, 0.323997, 0.33174824999999997, 0.33949949999999995, 0.34725074999999994, 0.355002, 0.36275324999999997, 0.37050449999999996, 0.37825574999999995, 0.38600699999999993, 0.39375825, 0.40150949999999996, 0.40926074999999995, 0.41701199999999994, 0.42476325, 0.43251449999999997, 0.44026574999999996, 0.44801699999999994, 0.45576824999999993, 0.4635195, 0.47127074999999996, 0.47902199999999995, 0.48677324999999994, 0.4945245, 0.50227575, 0.510027, 0.51777825, 0.5255295, 0.53328075, 0.541032, 0.5487832500000001, 0.5565345, 0.56428575, 0.572037, 0.57978825, 0.5875395, 0.59529075, 0.603042, 0.61079325, 0.6185445, 0.62629575, 0.634047, 0.64179825, 0.6495495, 0.65730075, 0.665052, 0.67280325, 0.6805545, 0.68830575, 0.696057, 0.70380825, 0.7115595, 0.71931075, 0.727062, 0.73481325, 0.7425645, 0.75031575, 0.7580669999999999, 0.76581825, 0.7735695, 0.78132075, 0.789072], "step_numbers": ["0", "1", "2", "3", "4", "5", "6", "7", "8", "9"]}}}, "Datapoints": 196, "RuleParameters": "threshold:3\nmode:None\nn_outliers:10\nstddev:3"}